confidence_level,VaR_loss,ES_loss,tail_count
0.95,0.012684433802715245,0.01986126162593263,50000
0.99,0.023274108120387303,0.03385378125232581,10000
