confidence_level,VaR_loss,ES_loss,tail_count
0.95,0.012670993372541304,0.01977348612622075,50000
0.99,0.0231572949695067,0.0335188550390181,10000
