confidence_level,VaR_loss,ES_loss,tail_count
0.95,0.012678791697724097,0.019836096982601886,200000
0.99,0.023287109942436376,0.033658368903658364,40000
