confidence_level,VaR_loss,ES_loss,tail_count
0.95,0.0126541031033658,0.0199185953292183,20000
0.99,0.0232422636318606,0.0341758398932299,4000
