confidence_level,VaR_loss,ES_loss,tail_count
0.95,0.012654103103365878,0.01991859532921839,20000
0.99,0.02324226363186064,0.03417583989322994,4000
